{
  "POST /api/creatures" : {
    "transaction" : "POST /api/creatures",
    "sampleCount" : 50,
    "errorCount" : 0,
    "errorPct" : 0.0,
    "meanResTime" : 45.26000000000001,
    "medianResTime" : 27.5,
    "minResTime" : 14.0,
    "maxResTime" : 630.0,
    "pct1ResTime" : 51.79999999999998,
    "pct2ResTime" : 144.2999999999995,
    "pct3ResTime" : 630.0,
    "throughput" : 1.0209498917793114,
    "receivedKBytesPerSec" : 0.42333527739208565,
    "sentKBytesPerSec" : 0.3176510112508678
  },
  "Total" : {
    "transaction" : "Total",
    "sampleCount" : 50,
    "errorCount" : 0,
    "errorPct" : 0.0,
    "meanResTime" : 45.26000000000001,
    "medianResTime" : 27.5,
    "minResTime" : 14.0,
    "maxResTime" : 630.0,
    "pct1ResTime" : 51.79999999999998,
    "pct2ResTime" : 144.2999999999995,
    "pct3ResTime" : 630.0,
    "throughput" : 1.0209498917793114,
    "receivedKBytesPerSec" : 0.42333527739208565,
    "sentKBytesPerSec" : 0.3176510112508678
  }
}