{
  "POST /api/creatures" : {
    "transaction" : "POST /api/creatures",
    "sampleCount" : 50,
    "errorCount" : 0,
    "errorPct" : 0.0,
    "meanResTime" : 28.300000000000004,
    "medianResTime" : 26.0,
    "minResTime" : 15.0,
    "maxResTime" : 70.0,
    "pct1ResTime" : 37.8,
    "pct2ResTime" : 58.94999999999995,
    "pct3ResTime" : 70.0,
    "throughput" : 1.0210749877471001,
    "receivedKBytesPerSec" : 0.41612794324865215,
    "sentKBytesPerSec" : 0.3176899327111583
  },
  "Total" : {
    "transaction" : "Total",
    "sampleCount" : 50,
    "errorCount" : 0,
    "errorPct" : 0.0,
    "meanResTime" : 28.300000000000004,
    "medianResTime" : 26.0,
    "minResTime" : 15.0,
    "maxResTime" : 70.0,
    "pct1ResTime" : 37.8,
    "pct2ResTime" : 58.94999999999995,
    "pct3ResTime" : 70.0,
    "throughput" : 1.0210749877471001,
    "receivedKBytesPerSec" : 0.41612794324865215,
    "sentKBytesPerSec" : 0.3176899327111583
  }
}