{
  "POST /api/creatures" : {
    "transaction" : "POST /api/creatures",
    "sampleCount" : 100,
    "errorCount" : 100,
    "errorPct" : 100.0,
    "meanResTime" : 1.5200000000000005,
    "medianResTime" : 1.0,
    "minResTime" : 0.0,
    "maxResTime" : 11.0,
    "pct1ResTime" : 2.0,
    "pct2ResTime" : 2.0,
    "pct3ResTime" : 10.909999999999954,
    "throughput" : 1.6847212628670585,
    "receivedKBytesPerSec" : 4.185479387435349,
    "sentKBytesPerSec" : 0.0
  },
  "Total" : {
    "transaction" : "Total",
    "sampleCount" : 100,
    "errorCount" : 100,
    "errorPct" : 100.0,
    "meanResTime" : 1.5200000000000005,
    "medianResTime" : 1.0,
    "minResTime" : 0.0,
    "maxResTime" : 11.0,
    "pct1ResTime" : 2.0,
    "pct2ResTime" : 2.0,
    "pct3ResTime" : 10.909999999999954,
    "throughput" : 1.6847212628670585,
    "receivedKBytesPerSec" : 4.185479387435349,
    "sentKBytesPerSec" : 0.0
  }
}