{
  "POST /api/creatures" : {
    "transaction" : "POST /api/creatures",
    "sampleCount" : 50,
    "errorCount" : 0,
    "errorPct" : 0.0,
    "meanResTime" : 26.44,
    "medianResTime" : 24.5,
    "minResTime" : 12.0,
    "maxResTime" : 82.0,
    "pct1ResTime" : 31.9,
    "pct2ResTime" : 50.39999999999995,
    "pct3ResTime" : 82.0,
    "throughput" : 1.0209290454313427,
    "receivedKBytesPerSec" : 0.41814222817764163,
    "sentKBytesPerSec" : 0.31764452526799386
  },
  "Debug Sampler" : {
    "transaction" : "Debug Sampler",
    "sampleCount" : 50,
    "errorCount" : 0,
    "errorPct" : 0.0,
    "meanResTime" : 0.28,
    "medianResTime" : 0.0,
    "minResTime" : 0.0,
    "maxResTime" : 1.0,
    "pct1ResTime" : 1.0,
    "pct2ResTime" : 1.0,
    "pct3ResTime" : 1.0,
    "throughput" : 1.0221813349688236,
    "receivedKBytesPerSec" : 0.39952915772258,
    "sentKBytesPerSec" : 0.0
  },
  "Total" : {
    "transaction" : "Total",
    "sampleCount" : 100,
    "errorCount" : 0,
    "errorPct" : 0.0,
    "meanResTime" : 13.360000000000001,
    "medianResTime" : 6.5,
    "minResTime" : 0.0,
    "maxResTime" : 82.0,
    "pct1ResTime" : 28.0,
    "pct2ResTime" : 31.94999999999999,
    "pct3ResTime" : 81.74999999999987,
    "throughput" : 2.0417330229899138,
    "receivedKBytesPerSec" : 0.8171318627751235,
    "sentKBytesPerSec" : 0.3176250689084895
  }
}